School Code,District,School Name,# STUDENTS ENROLLED ,# STUDENTS ENROLLED PRIOR TO SECONDARY LEVEL,# STUDENTS ENROLLED AT SECONDARY LEVEL
10015,Abington,Woodsdale Elementary School,2,2,0
10020,Abington,Beaver Brook Elementary,3,3,0
10405,Abington,Abington Middle School,348,348,0
10505,Abington,Abington High,25,0,25
30025,Acushnet,Acushnet Elementary School,105,105,0
30305,Acushnet,Albert F Ford Middle School,407,407,0
50010,Agawam,Clifford M Granger,1,1,0
50020,Agawam,Benjamin J Phelps,3,3,0
50025,Agawam,Robinson Park,2,2,0
50030,Agawam,James Clark School,2,2,0
50303,Agawam,Roberta G. Doering School,555,555,0
50405,Agawam,Agawam Junior High,230,230,0
50505,Agawam,Agawam High,73,0,73
70005,Amesbury,Amesbury Elementary,289,289,0
70010,Amesbury,Charles C Cashman Elementary,339,339,0
70013,Amesbury,Amesbury Middle,381,381,0
70505,Amesbury,Amesbury High,125,0,125
70515,Amesbury,Amesbury Innovation High School,1,0,1
80009,Amherst,Crocker Farm Elementary,352,352,0
80020,Amherst,Fort River Elementary,332,332,0
80050,Amherst,Wildwood Elementary,398,398,0
90505,Andover,Andover High,341,0,341
100410,Arlington,Ottoson Middle,1242,1242,47
100505,Arlington,Arlington High,99,0,99
140010,Ashland,Henry E Warren Elementary,615,615,0
140015,Ashland,David Mindess,642,642,0
140405,Ashland,Ashland Middle,3,3,0
140505,Ashland,Ashland High,168,0,168
160001,Attleboro,A. Irvin Studley Elementary School,384,384,0
160035,Attleboro,Thomas Willett Elementary School,409,409,0
160040,Attleboro,Hyman Fine Elementary School,475,475,0
160045,Attleboro,Hill-Roberts Elementary School,460,460,0
160050,Attleboro,Peter Thacher Elementary School,429,429,0
160505,Attleboro,Attleboro High,80,0,80
160515,Attleboro,Attleboro Community Academy,11,0,11
170030,Auburn,Swanson Road Intermediate School,2,2,0
170305,Auburn,Auburn Middle,216,216,0
170505,Auburn,Auburn Senior High,192,0,192
180010,Avon,Ralph D Butler,230,230,0
180510,Avon,Avon Middle High School,109,64,45
200005,Barnstable,West Barnstable Elementary,1,1,0
200010,Barnstable,Centerville Elementary,3,3,0
200025,Barnstable,Hyannis West Elementary,5,5,0
200045,Barnstable,West Villages Elementary School,5,5,0
200050,Barnstable,Barnstable United Elementary School,1,1,0
200315,Barnstable,Barnstable Intermediate School,637,637,0
200505,Barnstable,Barnstable High,36,2,36
230010,Bedford,Lt Elezer Davis,1,1,0
230305,Bedford,John Glenn Middle,2,2,0
230505,Bedford,Bedford High,118,0,118
240025,Belchertown,Jabish Middle School,365,365,0
240505,Belchertown,Belchertown High,185,0,185
250020,Bellingham,Joseph F DiPietro Elementary School,2,2,0
250025,Bellingham,Stall Brook,1,1,0
250315,Bellingham,Bellingham Memorial School,355,355,0
250505,Bellingham,Bellingham High School,320,177,143
260005,Belmont,Winn Brook,1,1,0
260305,Belmont,Winthrop L Chenery Middle,2,2,0
260505,Belmont,Belmont High,139,0,139
270010,Berkley,Berkley Community School,217,217,0
270305,Berkley,Berkley Middle School,381,381,0
280005,Berlin,Berlin Memorial,82,82,0
300015,Beverly,Cove Elementary,3,3,0
300033,Beverly,Hannah Elementary,1,1,0
300040,Beverly,North Beverly Elementary,1,1,0
300305,Beverly,Beverly Middle School,964,964,0
300505,Beverly,Beverly High,109,0,109
310005,Billerica,Thomas Ditson,522,522,0
310007,Billerica,Frederick J Dutile,273,273,0
310012,Billerica,John F Kennedy,311,311,0
310015,Billerica,Parker,486,486,0
310026,Billerica,Hajjar Elementary,455,455,0
310030,Billerica,Eugene C Vining,191,191,0
310305,Billerica,Marshall Middle School,427,427,0
310310,Billerica,Locke Middle,332,332,0
310505,Billerica,Billerica Memorial High School,172,0,172
350004,Boston,Lyon K-8,115,115,0
350009,Boston,East Boston Early Childhood Center,1,1,0
350013,Boston,Jackson Mann,418,417,1
350021,Boston,Beethoven,283,283,0
350052,Boston,Charles Sumner,503,503,0
350062,Boston,Curtis Guild,1,1,0
350072,Boston,David A Ellis,378,378,0
350074,Boston,Dearborn,155,149,6
350077,Boston,Dennis C Haley,1,0,1
350080,Boston,Donald Mckay,388,387,1
350096,Boston,Eliot Elementary,493,493,0
350116,Boston,Franklin D Roosevelt,43,43,0
350122,Boston,George H Conley,89,89,0
350135,Boston,Henry Grew,238,238,0
350141,Boston,Hugh Roe O'Donnell,243,243,0
350146,Boston,Condon K-8,5,5,0
350153,Boston,James W Hennigan,326,324,2
350156,Boston,James Otis,338,338,0
350167,Boston,UP Academy Holland,4,4,0
350172,Boston,John D Philbrick,129,129,0
350179,Boston,John W McCormack,17,15,2
350183,Boston,Joseph Lee,41,41,0
350190,Boston,Joyce Kilmer,1,0,1
350200,Boston,Harvard-Kent,419,419,0
350215,Boston,Manassah E Bradley,252,252,0
350227,Boston,Mather,541,541,0
350229,Boston,Maurice J Tobin,257,257,0
350231,Boston,Michael J Perkins,210,210,0
350237,Boston,Mozart,24,24,0
350240,Boston,Richard J Murphy,508,508,0
350243,Boston,Nathan Hale,136,136,0
350255,Boston,Oliver Hazard Perry,172,172,0
350258,Boston,William H Ohrenberger,658,657,1
350262,Boston,Lyndon,215,215,0
350268,Boston,Paul A Dever,291,291,0
350278,Boston,Phineas Bates,37,37,0
350286,Boston,Josiah Quincy,677,677,0
350302,Boston,Samuel Adams,242,242,0
350304,Boston,Samuel W Mason,40,40,0
350308,Boston,Sarah Greenwood,420,420,0
350346,Boston,Warren-Prescott,112,112,0
350360,Boston,William Ellery Channing,183,183,0
350363,Boston,William McKinley,58,58,0
350370,Boston,William Monroe Trotter,462,462,0
350374,Boston,Winship Elementary,160,160,0
350376,Boston,King K-8,261,260,1
350377,Boston,Higginson/Lewis K-8,1,0,1
350378,Boston,Mildred Avenue K-8,2,0,2
350380,Boston,Young Achievers,192,192,0
350382,Boston,Mission Hill School,2,2,0
350383,Boston,Lilla G. Frederick Middle School,2,0,2
350390,Boston,Blackstone,418,418,0
350426,Boston,Dr. William Henderson Upper,469,404,100
350430,Boston,Clarence R Edwards Middle,126,126,0
350445,Boston,Washington Irving Middle,333,333,0
350485,Boston,James P Timilty Middle,1,0,1
350505,Boston,Brighton High,116,1,115
350507,Boston,Boston International High School,215,84,156
350515,Boston,Charlestown High,25,1,25
350518,Boston,Community Academy,14,14,0
350522,Boston,Excel High School,117,93,28
350525,Boston,Jeremiah E Burke High,33,1,32
350530,Boston,East Boston High,317,244,102
350535,Boston,The English High,54,50,4
350537,Boston,Madison Park High,13,0,13
350540,Boston,Fenway High School,62,0,62
350541,Boston,Another Course To College,27,0,27
350542,Boston,New Mission High School,87,0,87
350543,Boston,Greater Egleston Community High School,2,0,2
350545,Boston,Boston Latin Academy,135,88,53
350548,Boston,Boston Adult Academy,58,0,58
350549,Boston,Margarita Muniz Academy,71,0,71
350558,Boston,Boston Community Leadership Academy,48,0,48
350560,Boston,Boston Latin,122,61,61
350565,Boston,Quincy Upper School,1,1,0
350575,Boston,O'Bryant School Math/Science,262,81,182
350579,Boston,Urban Science Academy,91,0,91
350581,Boston,Community Academy of Science and Health,41,36,5
350655,Boston,Lyon Upper 9-12,20,0,20
350656,Boston,Mario Umana Academy,2,0,2
350657,Boston,TechBoston Academy,308,106,229
350658,Boston,West Roxbury Academy,106,48,59
350750,Boston,Horace Mann School for the Deaf,27,20,8
350755,Boston,Boston Collaborative High School,19,4,15
360005,Bourne,Bournedale Elementary School,308,308,0
360010,Bourne,Peebles Elementary School,341,341,0
360325,Bourne,Bourne Middle School,490,490,0
360505,Bourne,Bourne High School,1,0,1
390005,Boylston,Boylston Elementary,263,263,0
400020,Braintree,Mary E Flaherty School,1,1,0
400050,Braintree,Donald Ross,1,1,0
400305,Braintree,East Middle School,210,210,0
400310,Braintree,South Middle School,205,205,0
400505,Braintree,Braintree High,49,0,49
410005,Brewster,Stony Brook Elementary,202,202,0
410010,Brewster,Eddy Elementary,241,241,0
430005,Brimfield,Brimfield Elementary,1,1,0
440001,Brockton,Dr W Arnone Community School,1,1,0
440023,Brockton,Edgar B Davis,4,4,0
440080,Brockton,Frederick Douglass Academy,5,0,5
440110,Brockton,Downey,1,1,0
440400,Brockton,Huntington Therapeutic Day School,24,0,24
440405,Brockton,East Middle School,6,6,0
440410,Brockton,North Middle School,8,8,0
440420,Brockton,West Middle School,12,12,0
440421,Brockton,Ashfield Middle School,8,8,0
440422,Brockton,Joseph F. Plouffe Academy,225,225,0
440505,Brockton,Brockton High,1411,0,1411
440515,Brockton,Brockton Champion High School,5,0,5
440520,Brockton,Edison Academy,16,0,16
460020,Brookline,Michael Driscoll,71,71,0
460035,Brookline,William H Lincoln,58,58,0
460045,Brookline,John D Runkle,64,64,0
460505,Brookline,Brookline High,158,0,158
480303,Burlington,Marshall Simonds Middle,719,719,0
480505,Burlington,Burlington High,135,0,135
490506,Cambridge,Cambridge Rindge and Latin,153,0,153
500012,Canton,Lt Peter M Hansen,1,1,0
500020,Canton,Dean S Luce,2,2,0
500305,Canton,Wm H Galvin Middle,444,444,0
500505,Canton,Canton High,29,0,29
510025,Carlisle,Carlisle School,1,1,0
520015,Carver,Carver Elementary School,6,6,0
520405,Carver,Carver Middle/High School,2,1,1
560025,Chelmsford,Charles D Harrington,2,2,0
560030,Chelmsford,Byam School,1,1,0
560305,Chelmsford,Col Moses Parker School,343,343,0
560310,Chelmsford,McCarthy Middle School,370,370,0
560505,Chelmsford,Chelmsford High,116,0,116
570003,Chelsea,Shurtleff Early Childhood,11,11,0
570025,Chelsea,William A Berkowitz Elementary,11,11,0
570030,Chelsea,Edgar A Hooks Elementary,9,9,0
570035,Chelsea,George F. Kelly Elementary,6,6,0
570040,Chelsea,Frank M Sokolowski Elementary,5,5,0
570045,Chelsea,Eugene Wright Science and Technology Academy,468,468,0
570050,Chelsea,Clark Avenue School,495,495,0
570055,Chelsea,Joseph A. Browne School,541,541,0
570505,Chelsea,Chelsea High,309,0,309
610003,Chicopee,Barry,411,411,0
610010,Chicopee,Belcher,262,262,0
610015,Chicopee,Bowe,453,453,0
610020,Chicopee,Bowie,4,4,0
610021,Chicopee,Chicopee Academy,3,3,0
610022,Chicopee,Litwin,416,416,0
610040,Chicopee,Lambert-Lavoie,2,2,0
610050,Chicopee,Fairview Elementary,2,2,0
610065,Chicopee,Streiber Memorial School,276,276,0
610090,Chicopee,Gen John J Stefanik,405,405,0
610305,Chicopee,Bellamy Middle,303,303,0
610310,Chicopee,Dupont Middle,370,370,0
610505,Chicopee,Chicopee High,96,0,96
610510,Chicopee,Chicopee Comprehensive High School,156,0,156
640050,Clinton,Clinton Elementary,438,438,0
640305,Clinton,Clinton Middle School,257,257,0
640505,Clinton,Clinton Senior High,62,0,62
650005,Cohasset,Deer Hill,1,1,0
650010,Cohasset,Joseph Osgood,323,323,0
650505,Cohasset,Cohasset Middle/High School,113,0,113
670305,Concord,Concord Middle,351,351,0
680005,Conway,Conway Grammar,123,123,0
710010,Danvers,Highlands,2,2,0
710032,Danvers,Ivan G Smith,2,2,0
710305,Danvers,Holten Richmond Middle School,555,555,0
710505,Danvers,Danvers High,299,2,297
720015,Dartmouth,Joseph Demello,1,1,0
720030,Dartmouth,George H Potter,4,4,0
720040,Dartmouth,James M. Quinn School,2,2,0
720050,Dartmouth,Dartmouth Middle,867,867,0
720505,Dartmouth,Dartmouth High,69,0,69
730005,Dedham,Early Childhood Center,1,1,0
730010,Dedham,Avery,3,3,0
730025,Dedham,Greenlodge,1,1,0
730030,Dedham,Oakdale,2,2,0
730305,Dedham,Dedham Middle School,232,232,0
730505,Dedham,Dedham High,70,0,70
740015,Deerfield,Deerfield Elementary,341,341,0
770305,Douglas,Douglas Middle School,1,0,1
770505,Douglas,Douglas High School,58,0,58
780005,Dover,Chickering,473,473,0
790020,Dracut,Joseph A Campbell Elementary,2,2,0
790035,Dracut,Brookside Elementary,1,1,0
790045,Dracut,George H. Englesby Elementary School,2,2,0
790410,Dracut,Justus C. Richardson Middle School,299,299,0
790505,Dracut,Dracut Senior High,256,0,256
820006,Duxbury,Chandler Elementary,1,1,0
820505,Duxbury,Duxbury High,30,0,30
830005,East Bridgewater,Central,472,472,0
830010,East Bridgewater,Gordon W. Mitchell School,662,662,0
830505,East Bridgewater,East Bridgewater JR./SR. High School,96,1,95
850005,Eastham,Eastham Elementary,166,166,0
860005,Easthampton,Center School,2,2,0
860020,Easthampton,Neil A Pepin,3,3,0
860505,Easthampton,Easthampton High,110,0,110
870305,East Longmeadow,Birchland Park,50,50,0
870505,East Longmeadow,East Longmeadow High,119,0,119
880405,Easton,Easton Middle School,670,670,0
880505,Easton,Oliver Ames High,37,0,37
890005,Edgartown,Edgartown Elementary,350,350,0
910030,Erving,Erving Elementary,143,143,0
930010,Everett,Sumner G. Whittier School,648,648,0
930015,Everett,Webster School,4,4,0
930018,Everett,Madeline English School,830,830,0
930028,Everett,George Keverian School,874,874,0
930030,Everett,Devens School,2,2,0
930038,Everett,Lafayette School,933,933,0
930058,Everett,Parlin School,837,837,0
930505,Everett,Everett High,58,0,58
940010,Fairhaven,East Fairhaven,2,2,0
940030,Fairhaven,Leroy Wood,476,476,0
940305,Fairhaven,Hastings Middle,306,306,0
940505,Fairhaven,Fairhaven High,40,0,40
950005,Fall River,North End Elementary,5,5,0
950009,Fall River,Carlton M. Viveiros Elementary School,4,4,0
950011,Fall River,Mary Fonseca Elementary School,1,1,0
950013,Fall River,Letourneau Elementary School,4,4,0
950017,Fall River,Henry Lord Community School,1,1,0
950045,Fall River,John J Doran,4,4,0
950065,Fall River,William S Greene,4,4,0
950130,Fall River,Spencer Borden,3,3,0
950140,Fall River,James Tansey,1,1,0
950145,Fall River,Samuel Watson,2,2,0
950305,Fall River,Talbot Innovation School,4,4,0
950315,Fall River,Morton Middle,8,8,0
950320,Fall River,Matthew J Kuss Middle,499,499,0
950505,Fall River,B M C Durfee High,60,0,60
960005,Falmouth,East Falmouth Elementary,258,258,0
960015,Falmouth,Teaticket,261,261,0
960020,Falmouth,Mullen-Hall,436,436,0
960030,Falmouth,North Falmouth Elementary,323,323,0
960305,Falmouth,Morse Pond School,550,550,0
960405,Falmouth,Lawrence,308,308,0
960505,Falmouth,Falmouth High,126,0,126
970048,Fitchburg,Memorial Middle School,531,531,0
970315,Fitchburg,Arthur M Longsjo Middle School,481,481,0
970505,Fitchburg,Fitchburg High,201,0,201
990020,Foxborough,Vincent M Igo Elementary,1,1,0
990050,Foxborough,Charles Taylor Elementary,1,1,0
990405,Foxborough,John J Ahern,473,473,0
990505,Foxborough,Foxborough High,60,0,60
1000005,Framingham,King Elementary School,15,15,0
1000015,Framingham,Hemenway,15,15,0
1000039,Framingham,Potter Road,1,1,0
1000302,Framingham,Cameron Middle School,7,7,0
1000305,Framingham,Fuller Middle,3,3,0
1000310,Framingham,Walsh Middle,3,3,0
1000515,Framingham,Framingham High School,241,0,241
1010040,Franklin,Annie Sullivan Middle School,438,438,0
1010310,Franklin,Remington Middle,445,445,0
1010405,Franklin,Horace Mann,463,463,0
1010505,Franklin,Franklin High,147,0,147
1030001,Gardner,Elm Street School,6,6,0
1030020,Gardner,Waterford Street,3,3,0
1030405,Gardner,Gardner Middle School,517,517,0
1030505,Gardner,Gardner High,3,0,3
1050010,Georgetown,Penn Brook,472,472,0
1050305,Georgetown,Georgetown Middle School,187,187,0
1050505,Georgetown,Georgetown High School,103,0,103
1070045,Gloucester,Veterans Memorial,3,3,0
1070050,Gloucester,West Parish,2,2,0
1070305,Gloucester,Ralph B O'Maley Middle,1,1,0
1070505,Gloucester,Gloucester High,206,0,206
1090005,Gosnold,Cuttyhunk Elementary,2,2,0
1100030,Grafton,North Street Elementary School,580,580,0
1100200,Grafton,Millbury Street Elementary School,659,659,0
1100305,Grafton,Grafton Middle,516,516,0
1100505,Grafton,Grafton High School,91,0,91
1110004,Granby,East Meadow,149,149,0
1110010,Granby,West Street,181,181,0
1110505,Granby,Granby Jr Sr High School,151,111,42
1140010,Greenfield,Federal Street School,248,248,0
1140025,Greenfield,Discovery School at Four Corners,247,247,0
1140035,Greenfield,Newton School,4,4,0
1140305,Greenfield,Greenfield Middle,373,373,0
1170015,Hadley,Hadley Elementary,4,4,0
1170505,Hadley,Hopkins Academy,60,45,15
1180005,Halifax,Halifax Elementary,260,260,0
1210005,Hancock,Hancock Elementary,30,30,0
1220004,Hanover,Cedar Elementary,348,348,0
1220005,Hanover,Center Elementary,335,335,0
1220015,Hanover,Sylvester,228,228,0
1220305,Hanover,Hanover Middle,831,831,0
1220505,Hanover,Hanover High,61,0,61
1250005,Harvard,Hildreth Elementary School,429,429,0
1250505,Harvard,Bromfield,29,19,10
1270005,Hatfield,Hatfield Elementary,217,217,0
1270505,Hatfield,Smith Academy,26,26,0
1280008,Haverhill,Bradford Elementary,1,1,0
1280020,Haverhill,Crowell,1,1,0
1280026,Haverhill,Golden Hill,5,5,0
1280033,Haverhill,Haverhill Alternative School,10,0,10
1280054,Haverhill,Pentucket Lake Elementary,2,2,0
1280073,Haverhill,TEACH,13,0,13
1280075,Haverhill,Tilton,3,3,0
1280100,Haverhill,Consentino Middle School,3,3,0
1280505,Haverhill,Haverhill High,563,0,563
1310410,Hingham,Hingham Middle School,338,338,0
1310505,Hingham,Hingham High,77,0,77
1330018,Holbrook,John F Kennedy,579,579,0
1330505,Holbrook,Holbrook Middle High School,261,260,1
1360007,Holliston,Miller School,678,678,0
1360305,Holliston,Robert H. Adams Middle School,1,1,0
1360505,Holliston,Holliston High,53,0,53
1370015,Holyoke,Lt Elmer J McMahon Elementary,390,390,0
1370030,Holyoke,William R. Peck School,3,3,0
1370040,Holyoke,Kelly Elementary,82,82,0
1370045,Holyoke,E N White Elementary,5,5,0
1370055,Holyoke,Lt Clayre Sullivan Elementary,377,377,0
1370060,Holyoke,Maurice A Donahue Elementary,383,383,0
1370505,Holyoke,Holyoke High,459,0,459
1370605,Holyoke,Wm J Dean Vocational Technical High,1,0,1
1380505,Hopedale,Hopedale Jr Sr High,102,97,5
1390015,Hopkinton,Hopkins Elementary School,549,549,0
1390305,Hopkinton,Hopkinton Middle School,488,488,0
1390505,Hopkinton,Hopkinton High,102,0,102
1410007,Hudson,Mulready Elementary,228,228,0
1410015,Hudson,Forest Avenue Elementary,357,357,0
1410030,Hudson,C A Farley,440,440,0
1410410,Hudson,David J. Quinn Middle School,2,2,0
1410505,Hudson,Hudson High,288,175,122
1420015,Hull,Lillian M Jacobs,362,362,0
1420305,Hull,Memorial Middle,2,2,0
1420505,Hull,Hull High,2,0,2
1440305,Ipswich,Ipswich Middle School,1,1,0
1440505,Ipswich,Ipswich High,37,0,37
1450005,Kingston,Kingston Elementary,1,1,0
1450020,Kingston,Kingston Intermediate,570,570,0
1480005,Lanesborough,Lanesborough Elementary,211,211,0
1490003,Lawrence,John Breen School,1,1,0
1490004,Lawrence,South Lawrence East Elementary School,4,4,0
1490009,Lawrence,Community Day Arlington,2,2,0
1490017,Lawrence,Arlington Middle School,1,1,0
1490018,Lawrence,Robert Frost,489,489,0
1490020,Lawrence,James F Hennessey,1,1,0
1490022,Lawrence,Gerard A. Guilmette,1,1,0
1490025,Lawrence,Guilmette Middle School,3,3,0
1490027,Lawrence,Parthum Middle School,3,3,0
1490040,Lawrence,Francis M Leahy,1,1,0
1490048,Lawrence,Oliver Partnership School,4,4,0
1490075,Lawrence,John K Tarbox,1,1,0
1490080,Lawrence,Emily G Wetherbee,3,3,0
1490085,Lawrence,Spark Academy,3,3,0
1490515,Lawrence,Lawrence High School,165,0,165
1490525,Lawrence,Frost Middle School,3,3,0
1490537,Lawrence,School for Exceptional Studies,31,0,31
1500505,Lee,Lee Middle/High School,110,103,7
1510505,Leicester,Leicester High,135,0,135
1520015,Lenox,Morris,252,252,0
1520505,Lenox,Lenox Memorial High,154,131,23
1530007,Leominster,Fall Brook,1,1,0
1530030,Leominster,Northwest,4,4,0
1530045,Leominster,Samoset School,3,3,0
1530320,Leominster,Sky View Middle School,5,5,0
1530505,Leominster,Leominster High School,113,0,113
1530605,Leominster,Center For Technical Education Innovation,76,0,76
1540005,Leverett,Leverett Elementary,112,112,0
1550305,Lexington,Jonas Clarke Middle,338,337,1
1550310,Lexington,Wm Diamond Middle,286,286,0
1550505,Lexington,Lexington High,393,0,393
1570025,Lincoln,Lincoln School,385,385,0
1570305,Lincoln,Hanscom Middle,244,244,0
1580305,Littleton,Littleton Middle School,358,358,0
1580505,Littleton,Littleton High School,62,0,62
1590005,Longmeadow,Blueberry Hill,433,433,0
1590010,Longmeadow,Center,410,410,0
1590017,Longmeadow,Glenbrook Middle,327,327,0
1590025,Longmeadow,Wolf Swamp Road,348,348,0
1590305,Longmeadow,Williams Middle,329,329,0
1590505,Longmeadow,Longmeadow High,51,0,51
1600018,Lowell,Pyne Arts,471,471,0
1600085,Lowell,Laura Lee Therapeutic Day School,4,4,0
1600090,Lowell,Bartlett Community Partnership,455,455,0
1600310,Lowell,B.F. Butler Middle School,1,1,0
1600315,Lowell,James S Daley Middle School,630,630,0
1600320,Lowell,Leblanc Therapeutic Day School,1,1,0
1600330,Lowell,Henry J Robinson Middle,612,612,0
1600340,Lowell,James Sullivan Middle School,631,631,0
1600345,Lowell,Dr An Wang School,3,3,0
1600360,Lowell,Kathryn P. Stoklosa Middle School,5,5,0
1600505,Lowell,Lowell High,223,0,223
1600515,Lowell,The Career Academy,10,0,10
1610020,Ludlow,Chapin Street Elementary School,1,1,0
1610023,Ludlow,Veterans Park Elementary,225,225,0
1610305,Ludlow,Paul R Baird Middle,267,267,0
1610505,Ludlow,Ludlow Senior High,76,0,76
1620025,Lunenburg,Turkey Hill Elementary School,3,3,0
1620305,Lunenburg,Lunenburg Middle School,148,148,0
1630004,Lynn,Early Childhood Center,1,1,0
1630005,Lynn,Washington Elementary School,1,1,0
1630016,Lynn,A Drewicz Elementary,1,1,0
1630020,Lynn,Brickett Elementary,3,3,0
1630030,Lynn,Julia F Callahan,2,2,0
1630035,Lynn,Cobbet Elementary,6,6,0
1630040,Lynn,Wm P Connery,5,5,0
1630045,Lynn,E J Harrington,1,1,0
1630050,Lynn,Robert L Ford,6,6,0
1630055,Lynn,Hood,1,1,0
1630060,Lynn,Ingalls,6,6,0
1630070,Lynn,Lincoln-Thomson,3,3,0
1630075,Lynn,Lynn Woods,1,1,0
1630085,Lynn,Sewell-Anderson,1,1,0
1630090,Lynn,Capt William G Shoemaker,4,4,0
1630095,Lynn,Edward A Sisson,2,2,0
1630100,Lynn,Tracy,2,2,0
1630305,Lynn,Thurgood Marshall Mid,6,6,0
1630405,Lynn,Breed Middle School,9,9,0
1630420,Lynn,Pickering Middle,1,1,0
1630505,Lynn,Classical High,533,0,533
1630510,Lynn,Lynn English High,340,0,340
1630525,Lynn,Fecteau-Leary Junior/Senior High School,3,1,2
1630605,Lynn,Lynn Vocational Technical Institute,275,0,275
1640010,Lynnfield,Huckleberry Hill,1,1,0
1640405,Lynnfield,Lynnfield Middle School,504,504,0
1640505,Lynnfield,Lynnfield High,18,0,18
1650003,Malden,Beebe,383,383,0
1650013,Malden,Ferryway,412,412,0
1650027,Malden,Forestdale,242,242,0
1650047,Malden,Linden,391,391,0
1650057,Malden,Salemwood,424,424,0
1650505,Malden,Malden High,25,0,25
1670007,Mansfield,Everett W Robinson,3,3,0
1670014,Mansfield,Jordan/Jackson Elementary,2,2,0
1670035,Mansfield,Harold L Qualters Middle,580,580,0
1670505,Mansfield,Mansfield High,228,0,228
1680005,Marblehead,Malcolm L Bell,1,1,0
1680015,Marblehead,Elbridge Gerry,1,1,0
1680300,Marblehead,Marblehead Veterans Middle School,448,448,0
1680505,Marblehead,Marblehead High,15,0,15
1700045,Marlborough,1 LT Charles W. Whitcomb School,1347,1347,0
1700505,Marlborough,Marlborough High,381,0,381
1710005,Marshfield,Eames Way School,1,1,0
1710015,Marshfield,Daniel Webster,2,2,0
1710020,Marshfield,Gov Edward Winslow,1,1,0
1710025,Marshfield,Martinson Elementary,2,2,0
1710310,Marshfield,Furnace Brook Middle,558,558,0
1710505,Marshfield,Marshfield High,444,0,444
1720005,Mashpee,Kenneth Coombs School,342,342,0
1720035,Mashpee,Quashnet School,488,488,0
1720505,Mashpee,Mashpee High,41,0,41
1730005,Mattapoisett,Center,209,209,0
1730010,Mattapoisett,Old Hammondtown,202,202,0
1740305,Maynard,Fowler School,429,429,0
1740505,Maynard,Maynard High,17,0,17
1750305,Medfield,Thomas Blake Middle,380,380,0
1750505,Medfield,Medfield Senior High,55,0,55
1760068,Medford,John J McGlynn Elementary School,494,494,0
1760130,Medford,Brooks School,483,483,0
1760140,Medford,Christopher Columbus,381,381,0
1760150,Medford,Milton Fuller Roberts,539,539,0
1760315,Medford,Madeleine Dugger Andrews,494,494,0
1760320,Medford,John J. McGlynn Middle School,466,466,0
1760505,Medford,Medford High,35,0,35
1770015,Medway,Burke/Memorial Elementary School,169,169,0
1770305,Medway,Medway Middle,646,646,0
1770505,Medway,Medway High,78,0,78
1780305,Melrose,Melrose Middle,282,282,0
1780505,Melrose,Melrose High,61,0,61
1810030,Methuen,Marsh Grammar School,3,3,0
1810050,Methuen,Comprehensive Grammar School,3,3,0
1810055,Methuen,Tenney Grammar School,6,6,0
1810060,Methuen,Donald P Timony Grammar,6,6,0
1810505,Methuen,Methuen High,258,0,258
1820008,Middleborough,Henry B. Burkland Elementary School,564,564,0
1820010,Middleborough,Mary K. Goode Elementary School,576,576,0
1820011,Middleborough,Memorial Early Childhood Center,231,231,0
1820305,Middleborough,John T. Nichols Middle,788,788,0
1820505,Middleborough,Middleborough High,303,0,303
1840003,Middleton,Fuller Meadow,155,155,0
1840005,Middleton,Howe-Manning,379,379,0
1850090,Milford,Woodland,960,960,0
1850305,Milford,Stacy Middle,768,768,0
1850505,Milford,Milford High,94,0,94
1860017,Millbury,Elmwood Street,508,508,0
1860025,Millbury,Raymond E. Shaw Elementary,433,433,0
1860505,Millbury,Millbury Junior/Senior High,407,249,158
1870020,Millis,Millis Middle,82,82,0
1870505,Millis,Millis High School,110,0,110
1890020,Milton,Tucker,2,2,0
1890410,Milton,Charles S Pierce Middle,367,367,0
1890505,Milton,Milton High,233,0,233
1910025,Monson,Quarry Hill Community School,323,323,0
1910310,Monson,Granite Valley Middle,243,243,0
1910505,Monson,Monson High School,39,0,39
1970005,Nantucket,Nantucket Elementary,326,326,0
1970010,Nantucket,Cyrus Peirce,239,239,0
1970505,Nantucket,Nantucket High,17,0,17
1980005,Natick,Bennett-Hemenway,5,5,0
1980010,Natick,Brown,4,4,0
1980305,Natick,J F Kennedy Middle School,57,57,0
1980310,Natick,Wilson Middle,3,3,0
1980505,Natick,Natick High,192,0,192
1990035,Needham,Hillside Elementary,2,2,0
1990050,Needham,Newman Elementary,3,3,0
1990405,Needham,Pollard Middle,357,357,0
1990410,Needham,High Rock School,411,411,0
1990505,Needham,Needham High,134,0,134
2010078,New Bedford,Hayden/McFadden,2,2,0
2010095,New Bedford,Abraham Lincoln,1,1,0
2010405,New Bedford,Keith Middle School,10,10,0
2010410,New Bedford,Normandin Middle School,19,19,0
2010415,New Bedford,Roosevelt Middle School,415,415,0
2010505,New Bedford,New Bedford High,391,0,391
2010515,New Bedford,Whaling City Junior/Senior High School,3,1,2
2040005,Newburyport,Francis T Bresnahan Elementary,1,1,0
2040305,Newburyport,Rupert A Nock Middle,1,1,0
2040505,Newburyport,Newburyport High,46,0,46
2070315,Newton,F A Day Middle,1,1,0
2070320,Newton,Oak Hill Middle,1,1,0
2070505,Newton,Newton North High,289,0,289
2070510,Newton,Newton South High,207,0,207
2080005,Norfolk,Freeman-Kennedy School,1,1,0
2090008,North Adams,Colegrove Park Elementary,2,2,0
2090035,North Adams,Brayton,3,3,0
2090505,North Adams,Drury High,28,0,28
2100020,Northampton,Jackson Street,1,1,0
2100410,Northampton,John F Kennedy Middle School,419,419,0
2100505,Northampton,Northampton High,87,0,87
2110305,North Andover,North Andover Middle,1060,1060,0
2110505,North Andover,North Andover High,327,0,327
2120007,North Attleborough,Amvet Boulevard,1,1,0
2120010,North Attleborough,Falls,2,2,0
2120013,North Attleborough,Joseph W Martin Jr Elementary,3,3,0
2120015,North Attleborough,Roosevelt Avenue,1,1,0
2120030,North Attleborough,Community,5,5,0
2120505,North Attleborough,North Attleboro High,273,0,273
2130015,Northborough,Fannie E Proctor,2,2,0
2130020,Northborough,Marion E Zeh,1,1,0
2140001,Northbridge,W Edward Balmer,506,506,0
2140005,Northbridge,Northbridge Elementary,3,3,0
2140305,Northbridge,Northbridge Middle,3,3,0
2140505,Northbridge,Northbridge High,184,0,184
2150015,North Brookfield,North Brookfield Elementary,5,5,0
2170010,North Reading,J Turner Hood,3,3,0
2170305,North Reading,North Reading Middle,400,400,0
2170505,North Reading,North Reading High,76,0,76
2180010,Norton,L G Nourse Elementary,284,284,0
2180015,Norton,J C Solmonese,394,394,0
2180060,Norton,Henri A. Yelle,398,398,0
2180305,Norton,Norton Middle,291,291,0
2180505,Norton,Norton High,96,0,96
2190005,Norwell,Grace Farrar Cole,234,234,0
2190020,Norwell,William G Vinal,268,268,0
2190405,Norwell,Norwell Middle School,198,198,0
2190505,Norwell,Norwell High,72,0,72
2200010,Norwood,Cornelius M Callahan,3,3,0
2200015,Norwood,F A Cleveland,2,2,0
2200025,Norwood,Charles J Prescott,4,4,0
2200075,Norwood,George F. Willett,1,1,0
2200305,Norwood,Dr. Philip O. Coakley Middle School,454,454,0
2200505,Norwood,Norwood High,38,0,38
2210005,Oak Bluffs,Oak Bluffs Elementary,402,402,0
2230010,Orange,Dexter Park,146,146,0
2230015,Orange,Fisher Hill,215,215,0
2240005,Orleans,Orleans Elementary,226,226,0
2260005,Oxford,Clara Barton,1,1,0
2260305,Oxford,Project C.O.F.F.E.E.,1,0,1
2260405,Oxford,Oxford Middle,2,2,0
2260505,Oxford,Oxford High,171,63,108
2270008,Palmer,Old Mill Pond,629,629,0
2270505,Palmer,Palmer High,96,96,0
2290015,Peabody,Center,1,1,0
2290035,Peabody,South Memorial,1,1,0
2290045,Peabody,West Memorial,1,1,0
2290305,Peabody,J Henry Higgins Middle,913,913,0
2290510,Peabody,Peabody Veterans Memorial High,157,0,157
2300005,Pelham,Pelham Elementary,125,125,0
2310305,Pembroke,Pembroke Community Middle School,132,132,0
2310505,Pembroke,Pembroke High School,133,0,133
2340005,Petersham,Petersham Center,1,1,0
2360010,Pittsfield,Allendale,1,1,0
2360045,Pittsfield,Robert T. Capeless Elementary School,2,2,0
2360055,Pittsfield,Morningside Community School,1,1,0
2360065,Pittsfield,Crosby,4,4,0
2360305,Pittsfield,John T Reid Middle,1,1,0
2360310,Pittsfield,Theodore Herberg Middle,1,1,0
2360505,Pittsfield,Pittsfield High,1,0,1
2360510,Pittsfield,Taconic High,47,0,47
2380005,Plainville,Beatrice H Wood Elementary,2,2,0
2380010,Plainville,Anna Ware Jackson,1,1,0
2390005,Plymouth,Cold Spring,249,249,0
2390010,Plymouth,Hedge,148,148,0
2390011,Plymouth,Federal Furnace School,392,392,0
2390012,Plymouth,Indian Brook,567,567,0
2390015,Plymouth,Manomet Elementary,284,284,0
2390030,Plymouth,Nathaniel Morton Elementary,557,557,0
2390046,Plymouth,South Elementary,631,631,0
2390047,Plymouth,West Elementary,392,392,0
2390305,Plymouth,Plymouth South Middle,240,240,0
2390405,Plymouth,Plymouth Commun Intermediate,162,162,0
2390505,Plymouth,Plymouth North High,138,1,137
2390515,Plymouth,Plymouth South High,67,0,67
2400010,Plympton,Dennett Elementary,76,76,0
2420020,Provincetown,Provincetown Schools,2,2,0
2430305,Quincy,Atlantic Middle,507,507,0
2430310,Quincy,Broad Meadows Middle,386,386,0
2430315,Quincy,Central Middle,633,633,0
2430320,Quincy,Reay E Sterling Middle,369,369,0
2430325,Quincy,Point Webster Middle,361,361,0
2430505,Quincy,Quincy High,82,1,81
2430510,Quincy,North Quincy High,234,0,234
2440410,Randolph,Randolph Community Middle,1,1,0
2440505,Randolph,Randolph High,16,0,16
2460010,Reading,Joshua Eaton,1,1,0
2460305,Reading,Arthur W Coolidge Middle,134,134,0
2460310,Reading,Walter S Parker Middle,21,21,0
2460505,Reading,Reading Memorial High,130,0,130
2480003,Revere,A. C. Whelan Elementary School,759,759,0
2480013,Revere,Beachmont Veterans Memorial School,325,325,0
2480014,Revere,Rumney Marsh Academy,241,241,0
2480025,Revere,Abraham Lincoln,603,603,0
2480035,Revere,Staff Sargent James J. Hill Elementary School,717,717,0
2480050,Revere,Paul Revere,477,477,0
2480056,Revere,Garfield Elementary School,688,688,0
2480057,Revere,Garfield Middle School,262,262,0
2480305,Revere,Susan B. Anthony Middle School,573,573,0
2480505,Revere,Revere High,454,0,454
2480520,Revere,Seacoast School,37,0,37
2490005,Richmond,Richmond Consolidated,165,165,0
2510020,Rockland,Memorial Park,1,1,0
2510025,Rockland,R Stewart Esten,2,2,0
2510305,Rockland,John W Rogers Middle,164,164,0
2510505,Rockland,Rockland Senior High,12,0,12
2520305,Rockport,Rockport Middle,215,215,0
2520510,Rockport,Rockport High,76,0,76
2580305,Salem,Collins Middle,5,5,0
2580505,Salem,Salem High,27,0,27
2580515,Salem,Salem Prep High School,1,0,1
2610002,Sandwich,Forestdale School,4,4,0
2610025,Sandwich,Oak Ridge,829,829,0
2610305,Sandwich,Sandwich STEM Academy,20,20,0
2610505,Sandwich,Sandwich High,223,0,223
2620065,Saugus,Veterans Memorial,1,1,0
2620305,Saugus,Belmonte Saugus Middle,434,434,0
2620505,Saugus,Saugus High,96,0,96
2630010,Savoy,Emma L Miller Elementary School,10,10,0
2640305,Scituate,Gates Middle School,461,461,0
2640505,Scituate,Scituate High School,64,0,64
2650007,Seekonk,George R Martin,320,320,0
2650015,Seekonk,Mildred Aitken School,269,269,0
2650405,Seekonk,Dr. Kevin M. Hurley Middle School,288,288,0
2650505,Seekonk,Seekonk High,66,0,66
2660015,Sharon,Heights Elementary,1,1,0
2660305,Sharon,Sharon Middle,841,841,0
2660505,Sharon,Sharon High,174,0,174
2690010,Sherborn,Pine Hill,392,392,0
2710005,Shrewsbury,Beal School,310,310,0
2710015,Shrewsbury,Calvin Coolidge,1,1,0
2710020,Shrewsbury,Floral Street School,1,1,0
2710025,Shrewsbury,Walter J Paton,20,20,0
2710030,Shrewsbury,Oak Middle School,220,220,0
2710305,Shrewsbury,Sherwood Middle School,365,365,0
2710505,Shrewsbury,Shrewsbury Sr High,175,0,175
2720005,Shutesbury,Shutesbury Elementary,111,111,0
2730005,Somerset,Chace Street,1,1,0
2730008,Somerset,North Elementary,3,3,0
2730015,Somerset,South,1,1,0
2730305,Somerset,Somerset Middle School,613,613,0
2740015,Somerville,Benjamin G Brown,1,1,0
2740075,Somerville,Arthur D Healey,2,2,0
2740083,Somerville,John F Kennedy,2,2,0
2740087,Somerville,Albert F. Argenziano School at Lincoln Park,4,4,0
2740111,Somerville,E Somerville Community,5,5,0
2740115,Somerville,West Somerville Neighborhood,2,2,0
2740120,Somerville,Winter Hill Community,3,3,0
2740505,Somerville,Somerville High,60,0,60
2760020,Southborough,Margaret A Neary,1,1,0
2760305,Southborough,P Brent Trottier,25,25,0
2770010,Southbridge,Eastford Road,4,4,0
2770315,Southbridge,Southbridge Middle School,140,139,1
2770515,Southbridge,Southbridge High School,232,0,232
2780015,South Hadley,Plains Elementary,3,3,0
2780020,South Hadley,Mosier,5,5,0
2780305,South Hadley,Michael E. Smith Middle School,430,430,0
2780505,South Hadley,South Hadley High,21,0,21
2810005,Springfield,Springfield Public Day Elementary School,87,87,0
2810010,Springfield,Edward P. Boland School,510,510,0
2810015,Springfield,Thomas M Balliet,250,250,0
2810020,Springfield,Samuel Bowles,307,307,0
2810023,Springfield,Milton Bradley School,454,454,0
2810025,Springfield,Brightwood,298,298,0
2810030,Springfield,Elias Brookings,277,277,0
2810035,Springfield,Daniel B Brunton,394,394,0
2810045,Springfield,William N. DeBerry,254,254,0
2810050,Springfield,Hiram L Dorman,279,279,0
2810055,Springfield,Rebecca M Johnson,617,617,0
2810060,Springfield,Margaret C Ells,29,29,0
2810065,Springfield,Glenwood,281,281,0
2810068,Springfield,Glickman Elementary,311,311,0
2810075,Springfield,Frank H Freedman,309,309,0
2810080,Springfield,Frederick Harris,509,509,0
2810085,Springfield,Homer Street,391,391,0
2810095,Springfield,Alfred G. Zanetti Montessori Magnet School,313,313,0
2810100,Springfield,Indian Orchard Elementary,537,537,0
2810110,Springfield,Kensington International School,282,282,0
2810115,Springfield,Liberty,251,251,0
2810120,Springfield,Lincoln,368,368,0
2810125,Springfield,Mary A. Dryden Veterans Memorial School,282,282,0
2810140,Springfield,Mary M Lynch,223,223,0
2810145,Springfield,Mary O Pottenger,391,391,0
2810155,Springfield,Mary M Walsh,278,278,0
2810160,Springfield,Sumner Avenue,465,465,0
2810165,Springfield,Arthur T Talmadge,213,213,0
2810175,Springfield,Alice B Beal Elementary,248,248,0
2810180,Springfield,Warner,225,225,0
2810185,Springfield,Washington,334,334,0
2810190,Springfield,White Street,402,402,0
2810195,Springfield,German Gerena Community School,531,531,0
2810320,Springfield,John J Duggan Middle,31,15,16
2810325,Springfield,Forest Park Middle,202,202,0
2810328,Springfield,John F Kennedy Middle,13,13,0
2810330,Springfield,M Marcus Kiley Middle,403,403,0
2810345,Springfield,Springfield Public Day Middle School,1,1,0
2810350,Springfield,STEM Middle Academy,12,12,0
2810355,Springfield,South End Middle School,5,5,0
2810360,Springfield,Balliet Middle School,1,1,0
2810365,Springfield,Chestnut Academy,103,103,0
2810366,Springfield,Impact Prep at Chestnut,238,238,0
2810367,Springfield,Chestnut Accelerated Middle School (Talented and Gifted),4,4,0
2810480,Springfield,Rise Academy at Van Sickle,13,13,0
2810485,Springfield,Van Sickle Academy,12,12,0
2810500,Springfield,Springfield Central High,359,0,359
2810510,Springfield,High School Of Commerce,139,0,139
2810530,Springfield,Springfield High School of Science and Technology,154,1,153
2810560,Springfield,Liberty Preparatory Academy,2,0,2
2810620,Springfield,Roger L. Putnam Vocational Technical Academy,38,0,38
2840005,Stoneham,Colonial Park,233,233,0
2840025,Stoneham,Robin Hood,337,337,0
2840030,Stoneham,South,309,309,0
2840405,Stoneham,Stoneham Central Middle School,461,461,0
2840505,Stoneham,Stoneham High,127,0,127
2850010,Stoughton,Helen Hansen Elementary,225,225,0
2850014,Stoughton,Joseph R Dawe Jr Elementary,351,351,0
2850015,Stoughton,South Elementary,249,249,0
2850020,Stoughton,Richard L. Wilkins Elementary School,342,342,0
2850025,Stoughton,Joseph H Gibbons,356,356,0
2850405,Stoughton,O'Donnell Middle School,321,321,0
2850505,Stoughton,Stoughton High,381,0,381
2870005,Sturbridge,Burgess Elementary,2,2,0
2880030,Sudbury,Peter Noyes,3,3,0
2880305,Sudbury,Ephraim Curtis Middle,831,831,0
2890005,Sunderland,Sunderland Elementary,30,30,0
2900003,Sutton,Sutton Early Learning,184,184,0
2900005,Sutton,Sutton Elementary,326,326,0
2900305,Sutton,Sutton Middle School,110,110,0
2900510,Sutton,Sutton High School,15,0,15
2910005,Swampscott,Clarke,188,188,0
2910010,Swampscott,Hadley,291,291,0
2910020,Swampscott,Stanley,295,295,0
2910305,Swampscott,Swampscott Middle,694,694,0
2910505,Swampscott,Swampscott High,157,0,157
2920017,Swansea,Mark G Hoyle Elementary,1,1,0
2920020,Swansea,Joseph G Luther,1,1,0
2920305,Swansea,Joseph Case Jr High,1,1,0
2920505,Swansea,Joseph Case High,186,3,184
2930042,Taunton,Joseph H Martin,663,663,0
2930305,Taunton,John F Parker Middle,481,481,0
2930315,Taunton,Benjamin Friedman Middle,747,747,0
2930505,Taunton,Taunton High,378,115,263
2930525,Taunton,Taunton Alternative High School,5,0,5
2950001,Tewksbury,L F Dewing,5,5,0
2950020,Tewksbury,North Street,2,2,0
2950023,Tewksbury,John F. Ryan,512,512,0
2950025,Tewksbury,Louise Davy Trahan,1,1,0
2950305,Tewksbury,John W. Wynn Middle,310,310,0
2950505,Tewksbury,Tewksbury Memorial High,211,0,211
2960005,Tisbury,Tisbury Elementary,306,306,0
2980010,Topsfield,Steward Elementary,1,1,0
3000005,Truro,Truro Central,90,90,0
3010305,Tyngsborough,Tyngsborough Middle,86,86,0
3010505,Tyngsborough,Tyngsborough High School,91,0,91
3040005,Uxbridge,Taft Early Learning Center,358,358,0
3040015,Uxbridge,McCloskey Middle School,369,369,0
3040020,Uxbridge,Whitin Elementary School,382,382,0
3040505,Uxbridge,Uxbridge High,2,0,2
3050005,Wakefield,Dolbeare,446,446,0
3050015,Wakefield,Woodville School,436,436,0
3050020,Wakefield,Greenwood,223,223,0
3050040,Wakefield,Walton,210,210,0
3050310,Wakefield,Galvin Middle School,751,751,0
3050505,Wakefield,Wakefield Memorial High,46,0,46
3060005,Wales,Wales Elementary,2,2,0
3070010,Walpole,Boyden,1,1,0
3070310,Walpole,Eleanor N Johnson Middle,1,1,0
3070505,Walpole,Walpole High,50,1,50
3080005,Waltham,William F. Stanley Elementary School,3,3,0
3080032,Waltham,Douglas MacArthur Elementary School,4,4,0
3080040,Waltham,Northeast Elementary School,3,3,0
3080050,Waltham,Thomas R Plympton Elementary School,1,1,0
3080060,Waltham,James Fitzgerald Elementary School,2,2,0
3080404,Waltham,John F Kennedy Middle,147,147,0
3080415,Waltham,John W. McDevitt Middle School,209,209,0
3080505,Waltham,Waltham Sr High,32,0,32
3090020,Ware,Stanley M Koziol Elementary School,17,17,0
3090505,Ware,Ware Junior/Senior High School,236,182,54
3100003,Wareham,John William Decas,573,573,0
3100017,Wareham,Minot Forest,5,5,0
3100305,Wareham,Wareham Middle,1,1,0
3100505,Wareham,Wareham Senior High,48,0,48
3140305,Watertown,Watertown Middle,519,519,0
3140505,Watertown,Watertown High,66,0,66
3150005,Wayland,Claypit Hill School,454,454,0
3150015,Wayland,Happy Hollow School,327,327,0
3150020,Wayland,Loker School,227,227,0
3150505,Wayland,Wayland High School,133,0,133
3160015,Webster,Park Avenue Elementary,704,704,0
3160315,Webster,Webster Middle School,1,1,0
3160505,Webster,Bartlett High School,112,0,112
3170505,Wellesley,Wellesley Sr High,172,0,172
3180005,Wellfleet,Wellfleet Elementary,97,97,0
3210045,Westborough,Mill Pond School,944,944,0
3210505,Westborough,Westborough High,184,0,184
3220005,West Boylston,Major Edwards Elementary,388,388,0
3220505,West Boylston,West Boylston Junior/Senior High,185,162,23
3230003,West Bridgewater,Rose L Macdonald,245,245,0
3230005,West Bridgewater,Spring Street School,77,77,0
3230305,West Bridgewater,Howard School,283,283,0
3230505,West Bridgewater,West Bridgewater Junior/Senior,91,0,91
3250015,Westfield,Franklin Ave,233,233,0
3250020,Westfield,Abner Gibbs,221,221,0
3250025,Westfield,Highland,371,371,0
3250033,Westfield,Munger Hill,379,379,0
3250036,Westfield,Paper Mill,384,384,0
3250040,Westfield,Southampton Road,409,409,0
3250055,Westfield,Russell Elementary School,157,157,0
3250305,Westfield,North Middle School,140,140,0
3250310,Westfield,Westfield Middle School,2,2,0
3250505,Westfield,Westfield High,95,0,95
3250605,Westfield,Westfield Technical Academy,84,0,84
3260310,Westford,Blanchard Middle,4,4,0
3260505,Westford,Westford Academy,543,0,543
3300015,Weston,Woodland,1,1,0
3300505,Weston,Weston High,64,0,64
3310030,Westport,Westport Elementary,496,496,0
3310515,Westport,Westport Junior/Senior High School,170,0,170
3320005,West Springfield,John Ashley,1,1,0
3320007,West Springfield,Philip G Coburn,539,539,0
3320010,West Springfield,John R Fausey,474,474,0
3320025,West Springfield,Memorial,242,242,0
3320030,West Springfield,Mittineague,177,177,0
3320040,West Springfield,Tatham,253,253,0
3320305,West Springfield,West Springfield Middle,705,705,0
3320505,West Springfield,West Springfield High,151,0,151
3350305,Westwood,E W Thurston Middle,744,744,0
3350505,Westwood,Westwood High,112,0,112
3360005,Weymouth,Academy Avenue,1,1,0
3360050,Weymouth,Frederick C Murphy,1,1,0
3360065,Weymouth,Lawrence W Pingree,1,1,0
3360080,Weymouth,William Seach,3,3,0
3360085,Weymouth,Ralph Talbot,2,2,0
3360105,Weymouth,Thomas W. Hamilton Primary School,3,3,0
3360110,Weymouth,Wessagusset,1,1,0
3360310,Weymouth,Abigail Adams Middle School,11,11,0
3360505,Weymouth,Weymouth High School,241,0,241
3370005,Whately,Whately Elementary,120,120,0
3400020,Williamsburg,Anne T. Dunphy School,148,148,0
3410010,Williamstown,Williamstown Elementary,421,421,0
3420005,Wilmington,Boutwell,117,117,0
3420015,Wilmington,Wildwood,155,155,0
3420020,Wilmington,Woburn Street,372,372,0
3420025,Wilmington,Shawsheen Elementary,340,340,0
3420060,Wilmington,North Intermediate,303,303,0
3420080,Wilmington,West Intermediate,246,246,0
3420330,Wilmington,Wilmington Middle School,700,700,0
3420505,Wilmington,Wilmington High,69,0,69
3430040,Winchendon,Memorial,293,293,0
3430050,Winchendon,Toy Town Elementary,285,285,0
3430315,Winchendon,Murdock Middle School,270,270,0
3430405,Winchendon,Murdock Academy for Success,1,0,1
3430515,Winchendon,Murdock High School,33,0,33
3440305,Winchester,McCall Middle,982,982,0
3440505,Winchester,Winchester High School,171,0,171
3460015,Winthrop,William P. Gorman/Fort Banks Elementary,431,431,0
3460020,Winthrop,Arthur T. Cummings Elementary School,457,457,0
3460505,Winthrop,Winthrop High School,78,0,78
3470025,Woburn,Linscott-Rumford,1,1,0
3470040,Woburn,Clyde Reeves,10,10,0
3470043,Woburn,Shamrock,1,1,0
3470065,Woburn,Mary D Altavesta,3,3,0
3470405,Woburn,John F Kennedy Middle School,480,480,0
3470410,Woburn,Daniel L Joyce Middle School,513,513,0
3470505,Woburn,Woburn High,258,0,258
3480285,Worcester,University Pk Campus School,23,0,23
3480350,Worcester,Claremont Academy,53,0,53
3480405,Worcester,Burncoat Middle School,3,3,0
3480415,Worcester,Forest Grove Middle,3,3,0
3480420,Worcester,Worcester East Middle,5,5,0
3480423,Worcester,Sullivan Middle,3,3,0
3480503,Worcester,Burncoat Senior High,16,0,16
3480512,Worcester,Doherty Memorial High,202,0,202
3480515,Worcester,North High,169,0,169
3480520,Worcester,South High Community,31,0,31
3480605,Worcester,Worcester Technical High,48,0,48
3500003,Wrentham,Delaney,496,496,0
3500010,Wrentham,Charles E Roderick,470,470,0
4070405,Dudley Street Neighborhood Charter School (District),Dudley Street Neighborhood Charter School,5,5,0
4100205,Excel Academy Charter (District),Excel Academy Charter School,768,665,103
4110305,Boston Green Academy Horace Mann Charter School (District),Boston Green Academy Horace Mann Charter School,10,10,0
4130505,Four Rivers Charter Public (District),Four Rivers Charter Public School,92,53,39
4140305,Berkshire Arts and Technology Charter Public (District),Berkshire Arts and Technology Charter Public School,50,29,21
4160305,Boston Preparatory Charter Public (District),Boston Preparatory Charter Public School,3,3,0
4180305,Christa McAuliffe Charter Public (District),Christa McAuliffe Charter Public School,377,377,0
4190305,Helen Y. Davis Leadership Academy Charter Public (District),Helen Y. Davis Leadership Academy Charter Public School,7,7,0
4200205,Benjamin Banneker Charter Public (District),Benjamin Banneker Charter Public School,2,2,0
4240505,Boston Day and Evening Academy Charter (District),Boston Day and Evening Academy Charter School,1,0,1
4280305,Brooke Charter School (District),Brooke Charter School,131,4,127
4290010,KIPP Academy Lynn Charter (District),KIPP Academy Lynn Charter School,43,0,43
4300305,Advanced Math and Science Academy Charter (District),Advanced Math and Science Academy Charter School,606,452,154
4320530,Cape Cod Lighthouse Charter (District),Cape Cod Lighthouse Charter School,72,72,0
4350305,Innovation Academy Charter (District),Innovation Academy Charter School,23,1,22
4360305,Community Charter School of Cambridge (District),Community Charter School of Cambridge,91,0,91
4370505,City on a Hill Charter Public School Circuit Street (District),City on a Hill Charter Public School Circuit Street,2,2,0
4380505,Codman Academy Charter Public (District),Codman Academy Charter Public School,33,3,30
4390050,Conservatory Lab Charter (District),Conservatory Lab Charter School,5,5,0
4410505,Sabis International Charter (District),Sabis International Charter School,1168,1057,111
4440205,Neighborhood House Charter (District),Neighborhood House Charter School,368,368,0
4450105,Abby Kelley Foster Charter Public (District),Abby Kelley Foster Charter Public School,752,710,42
4460550,Foxborough Regional Charter (District),Foxborough Regional Charter School,1277,1173,104
4470205,Benjamin Franklin Classical Charter Public (District),Benjamin Franklin Classical Charter Public School,444,444,0
4490305,Boston Collegiate Charter (District),Boston Collegiate Charter School,35,0,35
4500105,Hilltown Cooperative Charter Public (District),Hilltown Cooperative Charter Public School,94,94,0
4520505,Edward M. Kennedy Academy for Health Careers (Horace Mann Charter) (District),Edward M. Kennedy Academy for Health Careers (Horace Mann Charter School),2,0,2
4530005,Holyoke Community Charter (District),Holyoke Community Charter School,695,695,0
4540205,Lawrence Family Development Charter (District),Lawrence Family Development Charter School,101,101,0
4560050,Lowell Community Charter Public (District),Lowell Community Charter Public School,611,611,0
4580505,Lowell Middlesex Academy Charter (District),Lowell Middlesex Academy Charter School,7,0,7
4660550,Martha's Vineyard Charter (District),Martha's Vineyard Charter School,1,1,0
4680505,Ma Academy for Math and Science,Ma Academy for Math and Science School,19,0,19
4690505,MATCH Charter Public School (District),MATCH Charter Public School,7,6,1
4700105,Mystic Valley Regional Charter (District),Mystic Valley Regional Charter School,3,3,0
4740505,Sizer School: A North Central Charter Essential (District),Sizer School: A North Central Charter Essential School,110,6,104
4770010,Silver Hill Horace Mann Charter (District),Silver Hill Horace Mann Charter School,2,2,0
4780505,Francis W. Parker Charter Essential (District),Francis W. Parker Charter Essential School,1,1,0
4790505,Pioneer Valley Performing Arts Charter Public (District),Pioneer Valley Performing Arts Charter Public School,2,1,1
4800405,UP Academy Charter School of Boston (District),UP Academy Charter School of Boston,1,1,0
4810550,Boston Renaissance Charter Public (District),Boston Renaissance Charter Public School,102,102,0
4820050,River Valley Charter (District),River Valley Charter School,97,97,0
4830305,Rising Tide Charter Public (District),Rising Tide Charter Public School,23,2,21
4840505,Roxbury Preparatory Charter (District),Roxbury Preparatory Charter School,10,0,10
4850485,Salem Academy Charter (District),Salem Academy Charter School,106,74,32
4860105,Seven Hills Charter Public (District),Seven Hills Charter School,464,464,0
4870550,Prospect Hill Academy Charter (District),Prospect Hill Academy Charter School,185,107,78
4880550,South Shore Charter Public (District),South Shore Charter Public School,23,23,0
4890505,Sturgis Charter Public (District),Sturgis Charter Public School,28,0,28
4910550,Atlantis Charter (District),Atlantis Charter School,845,843,2
4920005,Martin Luther King Jr. Charter School of Excellence (District),Martin Luther King Jr. Charter School of Excellence,340,340,0
4940205,Pioneer Charter School of Science (District),Pioneer Charter School of Science,386,324,62
4960305,Global Learning Charter Public (District),Global Learning Charter Public School,398,327,71
4990305,Hampden Charter School of Science East (District),Hampden Charter School of Science East,59,7,52
6000405,Acton-Boxborough,Raymond J Grey Junior High,818,818,0
6000505,Acton-Boxborough,Acton-Boxborough Regional High,158,0,158
6030020,Adams-Cheshire,Hoosac Valley Elementary School,2,2,0
6030315,Adams-Cheshire,Hoosac Valley Middle School,369,369,0
6030505,Adams-Cheshire,Hoosac Valley High School,167,105,62
6050505,Amherst-Pelham,Amherst Regional High,120,0,120
6100005,Ashburnham-Westminster,Westminster Elementary,380,380,0
6100010,Ashburnham-Westminster,Meetinghouse School,161,161,0
6100025,Ashburnham-Westminster,Briggs Elementary,481,481,0
6100305,Ashburnham-Westminster,Overlook Middle School,134,134,0
6100505,Ashburnham-Westminster,Oakmont Regional High School,168,0,168
6150020,Athol-Royalston,Athol Community Elementary School,3,3,0
6150305,Athol-Royalston,Athol-Royalston Middle School,1,1,0
6150505,Athol-Royalston,Athol High,38,0,38
6160001,Ayer Shirley School District,Lura A. White Elementary School,354,354,0
6160002,Ayer Shirley School District,Page Hilltop Elementary School,503,503,0
6160305,Ayer Shirley School District,Ayer Shirley Regional Middle School,364,364,0
6160505,Ayer Shirley School District,Ayer Shirley Regional High School,109,0,109
6180035,Berkshire Hills,Muddy Brook Regional Elementary School,202,202,0
6180310,Berkshire Hills,Monument Valley Regional Middle School,292,292,0
6180505,Berkshire Hills,Monument Mt Regional High,59,0,59
6200505,Berlin-Boylston,Tahanto Regional High,12,0,12
6220008,Blackstone-Millville,John F Kennedy Elementary,278,278,0
6220010,Blackstone-Millville,Millville Elementary,227,227,0
6220015,Blackstone-Millville,A F Maloney,296,296,0
6220405,Blackstone-Millville,Frederick W. Hartnett Middle School,3,3,0
6220505,Blackstone-Millville,Blackstone Millville RHS,50,0,50
6250300,Bridgewater-Raynham,Williams Intermediate School,300,300,0
6250315,Bridgewater-Raynham,Raynham Middle School,302,302,0
6250320,Bridgewater-Raynham,Bridgewater Middle School,243,243,0
6250415,Bridgewater-Raynham,Therapeutic Day School,1,0,1
6250505,Bridgewater-Raynham,Bridgewater-Raynham Regional,466,0,466
6350305,Central Berkshire,Nessacus Regional Middle School,377,377,0
6350505,Central Berkshire,Wahconah Regional High,53,0,53
6400505,Concord-Carlisle,Concord Carlisle High,130,0,130
6450005,Dennis-Yarmouth,Ezra H Baker Innovation School,8,8,0
6450015,Dennis-Yarmouth,Marguerite E Small Elementary,5,5,0
6450025,Dennis-Yarmouth,Station Avenue Elementary,2,2,0
6450050,Dennis-Yarmouth,N H Wixon Innovation School,1,1,0
6450305,Dennis-Yarmouth,Mattacheese Middle School,2,2,0
6450505,Dennis-Yarmouth,Dennis-Yarmouth Regional High,209,10,204
6500005,Dighton-Rehoboth,Dighton Elementary,470,470,0
6500010,Dighton-Rehoboth,Palmer River,563,563,0
6500305,Dighton-Rehoboth,Dighton Middle School,370,370,1
6500310,Dighton-Rehoboth,Dorothy L Beckwith,556,556,0
6500505,Dighton-Rehoboth,Dighton-Rehoboth Regional High School,42,0,42
6550405,Dover-Sherborn,Dover-Sherborn Regional Middle School,342,342,0
6550505,Dover-Sherborn,Dover-Sherborn Regional High,62,0,62
6580005,Dudley-Charlton Reg,Dudley Elementary,398,398,0
6580010,Dudley-Charlton Reg,Mason Road School,224,224,0
6580020,Dudley-Charlton Reg,Charlton Elementary,295,295,0
6580030,Dudley-Charlton Reg,Heritage School,482,482,0
6580305,Dudley-Charlton Reg,Dudley Middle School,575,575,0
6580310,Dudley-Charlton Reg,Charlton Middle School,673,673,0
6580505,Dudley-Charlton Reg,Shepherd Hill Regional High,79,0,79
6600305,Nauset,Nauset Regional Middle,457,457,0
6600505,Nauset,Nauset Regional High,11,0,11
6620020,Farmington River Reg,Farmington River Elementary,95,95,0
6650002,Freetown-Lakeville,Assawompset Elementary School,3,3,0
6650305,Freetown-Lakeville,Freetown-Lakeville Middle School,4,4,0
6650505,Freetown-Lakeville,Apponequet Regional High,28,0,28
6700505,Frontier,Frontier Regional,254,153,101
6720405,Gateway,Gateway Regional Middle School,1,1,0
6720505,Gateway,Gateway Regional High,8,0,8
6730010,Groton-Dunstable,Florence Roche School,1,1,0
6730305,Groton-Dunstable,Groton Dunstable Regional Middle,1,1,0
6730505,Groton-Dunstable,Groton Dunstable Regional,162,0,162
6740005,Gill-Montague,Gill Elementary,130,130,0
6740015,Gill-Montague,Hillcrest Elementary School,159,159,0
6740050,Gill-Montague,Sheffield Elementary School,212,212,0
6740310,Gill-Montague,Great Falls Middle,1,1,0
6740505,Gill-Montague,Turners Fall High,3,0,3
6750310,Hamilton-Wenham,Miles River Middle,1,1,0
6750505,Hamilton-Wenham,Hamilton-Wenham Regional High,18,0,18
6800005,Hampden-Wilbraham,Green Meadows Elementary,3,3,0
6800025,Hampden-Wilbraham,Mile Tree Elementary,3,3,0
6800030,Hampden-Wilbraham,Soule Road,4,4,0
6800050,Hampden-Wilbraham,Stony Hill School,7,7,0
6800305,Hampden-Wilbraham,Thornton Burgess,1,1,0
6800310,Hampden-Wilbraham,Wilbraham Middle,339,339,0
6800505,Hampden-Wilbraham,Minnechaug Regional High,74,0,74
6830505,Hampshire,Hampshire Regional High,24,0,24
6900505,King Philip,King Philip Regional High,32,0,32
6900510,King Philip,King Philip Middle School,2,2,0
6950505,Lincoln-Sudbury,Lincoln-Sudbury Regional High,441,0,441
6980010,Manchester Essex Regional,Manchester Memorial Elementary,327,327,0
6980020,Manchester Essex Regional,Essex Elementary,228,228,0
6980510,Manchester Essex Regional,Manchester Essex Regional High School,44,0,44
7000505,Martha's Vineyard,Martha's Vineyard Regional High,53,0,53
7050505,Masconomet,Masconomet Regional High School,214,0,214
7100001,Mendon-Upton,Memorial School,454,454,0
7100015,Mendon-Upton,Miscoe Hill School,586,586,0
7100179,Mendon-Upton,Henry P Clough,354,354,0
7100510,Mendon-Upton,Nipmuc Regional High,31,0,31
7120001,Monomoy Regional School District,Chatham Elementary School,221,221,0
7120002,Monomoy Regional School District,Harwich Elementary School,502,502,0
7120315,Monomoy Regional School District,Monomoy Regional Middle School,1,1,0
7120515,Monomoy Regional School District,Monomoy Regional High School,110,66,45
7150505,Mount Greylock,Mt Greylock Regional High,15,0,15
7170005,Mohawk Trail,Buckland-Shelburne Regional,1,1,0
7170505,Mohawk Trail,Mohawk Trail Regional High,115,102,13
7200003,Narragansett,Phillipston Memorial,1,1,0
7200005,Narragansett,Baldwinville Elementary,1,1,0
7200020,Narragansett,Templeton Center,2,2,0
7200305,Narragansett,Narragansett Middle,1,1,0
7200505,Narragansett,Narragansett Regional High,83,0,83
7250010,Nashoba,Mary Rowlandson Elementary,439,439,0
7250020,Nashoba,Center School,524,524,0
7250025,Nashoba,Florence Sawyer School,472,472,0
7250305,Nashoba,Luther Burbank Middle School,160,160,0
7250310,Nashoba,Hale,3,3,0
7250505,Nashoba,Nashoba Regional,136,0,136
7300505,Northboro-Southboro,Algonquin Regional High,458,0,458
7350005,North Middlesex,Spaulding Memorial,430,430,0
7350010,North Middlesex,Ashby Elementary,185,185,0
7350030,North Middlesex,Hawthorne Brook,265,265,0
7350035,North Middlesex,Varnum Brook,543,543,0
7350310,North Middlesex,Nissitissit Middle School,264,264,0
7350505,North Middlesex,North Middlesex Regional,55,0,55
7400405,Old Rochester,Old Rochester Regional Jr High,2,2,0
7400505,Old Rochester,Old Rochester Regional High,74,0,74
7450005,Pentucket,Elmer S Bagnall,3,3,0
7450010,Pentucket,Helen R Donaghue School,4,4,0
7450020,Pentucket,Dr Frederick N Sweetsir,1,1,0
7450405,Pentucket,Pentucket Regional Middle,122,122,0
7450505,Pentucket,Pentucket Regional Sr High,23,0,23
7500006,Pioneer Valley,Bernardston Elementary,143,143,0
7500007,Pioneer Valley,Pearl E Rhodes Elementary,29,29,0
7500008,Pioneer Valley,Northfield Elementary,175,175,0
7500009,Pioneer Valley,Warwick Community School,43,43,0
7500505,Pioneer Valley,Pioneer Valley Regional,14,0,14
7530005,Quabbin,Hardwick Elementary,165,165,0
7530010,Quabbin,Hubbardston Center,268,268,0
7530020,Quabbin,New Braintree Grade,60,60,0
7530025,Quabbin,Oakham Center,96,96,0
7530030,Quabbin,Ruggles Lane,330,330,0
7530505,Quabbin,Quabbin Regional High School,96,0,96
7550505,Ralph C Mahar,Ralph C Mahar Regional,108,108,0
7600505,Silver Lake,Silver Lake Regional High,246,1,245
7630505,Somerset Berkley Regional School District,Somerset Berkley Regional High School,24,0,24
7650505,Southern Berkshire,Mt Everett Regional,8,1,7
7660010,Southwick-Tolland-Granville Regional School District,Woodland School,4,4,0
7660315,Southwick-Tolland-Granville Regional School District,Powder Mill School,3,3,0
7660505,Southwick-Tolland-Granville Regional School District,Southwick Regional School,43,0,43
7670008,Spencer-E Brookfield,East Brookfield Elementary,1,1,0
7670040,Spencer-E Brookfield,Wire Village School,4,4,0
7670505,Spencer-E Brookfield,David Prouty High,96,0,96
7700405,Tantasqua,Tantasqua Regional Jr High,283,283,0
7700505,Tantasqua,Tantasqua Regional Sr High,65,0,65
7700605,Tantasqua,Tantasqua Regional Vocational,38,0,38
7730015,Triton,Salisbury Elementary,461,461,0
7730020,Triton,Newbury Elementary,399,399,0
7730025,Triton,Pine Grove,414,414,0
7730405,Triton,Triton Regional Middle School,1,1,0
7730505,Triton,Triton Regional High School,58,0,58
7740020,Up-Island Regional,West Tisbury Elementary,336,336,0
7750018,Wachusett,Davis Hill Elementary,1,1,0
7750027,Wachusett,Houghton Elementary,1,1,0
7750305,Wachusett,Mountview Middle,1,1,0
7750505,Wachusett,Wachusett Regional High,180,0,180
7780005,Quaboag Regional,Warren Elementary,407,407,0
7780010,Quaboag Regional,West Brookfield Elementary,272,272,0
7780305,Quaboag Regional,Quaboag Regional Middle Innovation School,4,4,0
7780505,Quaboag Regional,Quaboag Regional High,138,0,138
7800310,Whitman-Hanson,Whitman Middle,432,432,0
7800315,Whitman-Hanson,Hanson Middle School,333,333,0
7800505,Whitman-Hanson,Whitman Hanson Regional,297,0,297
8010605,Assabet Valley Regional Vocational Technical,Assabet Valley Vocational High School,32,0,32
8050605,Blackstone Valley Regional Vocational Technical,Blackstone Valley,81,0,81
8060605,Blue Hills Regional Vocational Technical,Blue Hills Regional Vocational Technical,30,0,30
8100605,Bristol-Plymouth Regional Vocational Technical,Bristol-Plymouth Vocational Technical,5,0,5
8150605,Cape Cod Regional Vocational Technical,Cape Cod Region Vocational Technical,8,0,8
8170505,Essex North Shore Agricultural and Technical School District,Essex North Shore Agricultural and Technical School,1,0,1
8180605,Franklin County Regional Vocational Technical,Franklin County Technical,6,0,6
8210605,Greater Fall River Regional Vocational Technical,Diman Regional Vocational Technical High,554,0,554
8250605,Greater New Bedford Regional Vocational Technical,Gr New Bedford Vocational Technical,2,0,2
8280605,Greater Lowell Regional Vocational Technical,Gr Lowell Regional Vocational Technical,36,0,36
8290605,South Middlesex Regional Vocational Technical,Joseph P Keefe Technical High School,36,0,36
8300605,Minuteman Regional Vocational Technical,Minuteman Regional High,116,0,116
8320605,Montachusett Regional Vocational Technical,Montachusett Regional Vocational Technical,247,0,247
8510605,Northern Berkshire Regional Vocational Technical,Charles McCann Vocational Technical,141,0,141
8520605,Nashoba Valley Regional Vocational Technical,Nashoba Valley Technical High School,1,0,1
8530605,Northeast Metropolitan Regional Vocational Technical,Northeast Metro Regional Vocational,19,0,19
8550605,Old Colony Regional Vocational Technical,Old Colony Regional Vocational Technical,105,0,105
8600605,Pathfinder Regional Vocational Technical,Pathfinder Vocational Technical,8,0,8
8710605,Shawsheen Valley Regional Vocational Technical,Shawsheen Valley Vocational Technical High School,3,0,3
8720605,Southeastern Regional Vocational Technical,Southeastern Regional Vocational Technical,192,0,192
8730605,South Shore Regional Vocational Technical,So Shore Vocational Technical High,1,0,1
8760605,Southern Worcester County Regional Vocational Technical,Bay Path Regional Vocational Technical High School,5,0,5
8780605,Tri-County Regional Vocational Technical,Tri-County Regional Vocational Technical,242,0,242
8790605,Upper Cape Cod Regional Vocational Technical,Upper Cape Cod Vocational Technical,3,0,3
8850605,Whittier Regional Vocational Technical,Whittier Regional Vocational,66,0,66
9150705,Norfolk County Agricultural,Norfolk County Agricultural,260,0,260
35010505,Paulo Freire Social Justice Charter School (District),Paulo Freire Social Justice Charter School,20,0,20
35020405,Baystate Academy Charter Public School (District),Baystate Academy Charter Public School,4,3,1
35040505,City on a Hill Charter Public School Dudley Square (District),City on a Hill Charter Public School Dudley Square,118,0,118
35050405,UP Academy Charter School of Dorchester (District),UP Academy Charter School of Dorchester,9,8,1
35060505,Pioneer Charter School of Science II (PCSS-II) (District),Pioneer Charter School of Science II (PCSS-II),176,145,31
35070505,City on a Hill Charter Public School New Bedford (District),City on a Hill Charter Public School New Bedford,75,0,75
35080505,Phoenix Academy Public Charter High School Springfield (District),Phoenix Academy Public Charter High School Springfield,1,0,1
35090305,Argosy Collegiate Charter School (District),Argosy Collegiate Charter School,3,3,0
35130305,New Heights Charter School of Brockton (District),New Heights Charter School of Brockton,14,11,3
35140305,Libertas Academy Charter School (District),Libertas Academy Charter School,70,70,0
39010900,Greenfield Commonwealth Virtual District,Greenfield Commonwealth Virtual School,21,9,12
39020900,TEC Connections Academy Commonwealth Virtual School District,TEC Connections Academy Commonwealth Virtual School,681,521,160
0,Massachusetts,Massachusetts,235211,199273,36137